{"metadata": {"4325": {}, "4330": {}, "4103": {}, "4327": {}, "4646": {}, "4108": {}, "4171": {}, "4321": {}, "4329": {}, "4356": {}, "4358": {}, "4360": {}, "4617": {}, "4619": {}, "4877": {}, "3389": {}, "4036": {}, "4082": {}, "4104": {}, "4109": {}, "4168": {}, "4320": {}, "4341": {}, "4688": {}, "2451": {}, "3902": {}, "4096": {}, "4133": {}, "4152": {}, "4166": {}, "4319": {}, "4333": {}, "4336": {}, "4345": {}, "4372": {}, "4379": {}, "4382": {}, "4611": {}, "4628": {}, "2095": {}, "4048": {}, "4060": {}, "4148": {}, "4177": {}, "4312": {}, "4316": {}, "4339": {}, "4340": {}, "4353": {}, "4362": {}, "4364": {}, "4378": {}, "2184": {}, "2789": {}, "3156": {}, "3351": {}, "3506": {}, "3707": {}, "4028": {}, "4038": {}, "4151": {}, "4158": {}, "4334": {}, "4346": {}, "4349": {}, "2593": {}, "2945": {}, "3075": {}, "3144": {}, "3435": {}, "3658": {}, "3876": {}, "4049": {}, "4127": {}, "4129": {}, "4153": {}, "4155": {}, "4181": {}, "4318": {}, "4366": {}, "4380": {}, "4626": {}, "4830": {}, "2109": {}, "2395": {}, "2546": {}, "2775": {}, "3073": {}, "3086": {}, "3133": {}, "3135": {}, "3154": {}, "3227": {}, "3315": {}, "3445": {}, "3580": {}, "3798": {}, "3830": {}, "3917": {}, "3925": {}, "4019": {}, "4033": {}, "4074": {}, "4101": {}, "4123": {}, "4137": {}, "4150": {}, "4175": {}, "4342": {}, "4880": {}, "2018": {}, "2061": {}, "2093": {}, "2107": {}, "2370": {}, "2406": {}, "2837": {}, "3080": {}, "3083": {}, "3113": {}, "3140": {}, "3161": {}, "3186": {}, "3201": {}, "3306": {}, "3349": {}, "3411": {}, "3441": {}, "3476": {}, "3514": {}, "3561": {}, "3682": {}, "3796": {}, "3887": {}, "4090": {}, "4099": {}, "4370": {}, "4890": {}, "4908": {}, "4928": {}, "2060": {}, "2145": {}, "2290": {}, "2399": {}, "2429": {}, "2477": {}, "2539": {}, "2604": {}, "2611": {}, "2628": {}, "2772": {}, "3108": {}, "3138": {}, "3142": {}, "3219": {}, "3252": {}, "3304": {}, "3327": {}, "3369": {}, "3467": {}, "3781": {}, "3801": {}, "3821": {}, "3862": {}, "4079": {}, "4519": {}, "4736": {}, "4765": {}, "4831": {}, "4868": {}, "2028": {}, "2305": {}, "2548": {}, "2708": {}, "2729": {}, "2749": {}, "2759": {}, "3038": {}, "3120": {}, "3134": {}, "3146": {}, "3152": {}, "3169": {}, "3171": {}, "3174": {}, "3188": {}, "3242": {}, "3251": {}, "3266": {}, "3324": {}, "3427": {}, "3495": {}, "3508": {}, "3595": {}, "3763": {}, "3838": {}, "3883": {}, "3962": {}, "4004": {}, "4159": {}, "4311": {}, "4376": {}, "4603": {}, "4698": {}, "4725": {}, "4859": {}, "2039": {}, "2094": {}, "2102": {}, "2113": {}, "2163": {}, "2275": {}, "2285": {}, "2302": {}, "2314": {}, "2336": {}, "2421": {}, "2465": {}, "2472": {}, "2549": {}, "2566": {}, "2676": {}, "2703": {}, "2818": {}, "2877": {}, "3081": {}, "3093": {}, "3115": {}, "3130": {}, "3148": {}, "3150": {}, "3159": {}, "3182": {}, "3195": {}, "3232": {}, "3235": {}, "3279": {}, "3364": {}, "3367": {}, "3387": {}, "3403": {}, "3503": {}, "3513": {}, "3526": {}, "3565": {}, "3615": {}, "3660": {}, "3697": {}, "3728": {}, "3850": {}, "4026": {}, "4071": {}, "4072": {}, "4138": {}, "4548": {}, "4728": {}, "4876": {}, "2008": {}, "2020": {}, "2073": {}, "2120": {}, "2137": {}, "2226": {}, "2252": {}, "2264": {}, "2299": {}, "2362": {}, "2366": {}, "2382": {}, "2397": {}, "2435": {}, "2479": {}, "2485": {}, "2527": {}, "2540": {}, "2565": {}, "2598": {}, "2599": {}, "2602": {}, "2648": {}, "2657": {}, "2672": {}, "2710": {}, "2743": {}, "2756": {}, "2785": {}, "2819": {}, "2828": {}, "2832": {}, "2851": {}, "2876": {}, "3023": {}, "3069": {}, "3088": {}, "3200": {}, "3202": {}, "3223": {}, "3245": {}, "3254": {}, "3268": {}, "3269": {}, "3309": {}, "3313": {}, "3338": {}, "3343": {}, "3345": {}, "3375": {}, "3646": {}, "3663": {}, "3699": {}, "3776": {}, "3784": {}, "3825": {}, "3983": {}, "3993": {}, "4051": {}, "4064": {}, "4565": {}, "4642": {}, "4720": {}, "4902": {}, "4936": {}, "2022": {}, "2154": {}, "2171": {}, "2249": {}, "2253": {}, "2349": {}, "2372": {}, "2466": {}, "2488": {}, "2571": {}, "2584": {}, "2587": {}, "2589": {}, "2603": {}, "2608": {}, "2641": {}, "2669": {}, "2678": {}, "2932": {}, "2956": {}, "2965": {}, "3020": {}, "3021": {}, "3047": {}, "3052": {}, "3062": {}, "3082": {}, "3103": {}, "3207": {}, "3236": {}, "3239": {}, "3286": {}, "3300": {}, "3303": {}, "3360": {}, "3362": {}, "3393": {}, "3397": {}, "3398": {}, "3447": {}, "3487": {}, "3491": {}, "3515": {}, "3517": {}, "3524": {}, "3541": {}, "3584": {}, "3636": {}, "3688": {}, "3725": {}, "4013": {}, "4032": {}, "4050": {}, "4077": {}, "4130": {}, "4154": {}, "4483": {}, "4572": {}, "4784": {}, "4785": {}, "4812": {}, "2005": {}, "2012": {}, "2035": {}, "2067": {}, "2078": {}, "2157": {}, "2241": {}, "2259": {}, "2405": {}, "2407": {}, "2427": {}, "2442": {}, "2490": {}, "2492": {}, "2504": {}, "2526": {}, "2558": {}, "2568": {}, "2634": {}, "2650": {}, "2667": {}, "2717": {}, "2784": {}, "2826": {}, "2860": {}, "2866": {}, "2970": {}, "2998": {}, "3015": {}, "3041": {}, "3067": {}, "3168": {}, "3205": {}, "3237": {}, "3275": {}, "3284": {}, "3288": {}, "3311": {}, "3320": {}, "3325": {}, "3328": {}, "3382": {}, "3409": {}, "3509": {}, "3550": {}, "3607": {}, "3633": {}, "3655": {}, "3720": {}, "3727": {}, "3809": {}, "4008": {}, "4055": {}, "4092": {}, "4113": {}, "4314": {}, "4347": {}, "4608": {}, "4649": {}, "4679": {}, "4682": {}, "4697": {}, "4792": {}, "4801": {}, "4826": {}, "4858": {}, "4886": {}, "2062": {}, "2111": {}, "2139": {}, "2231": {}, "2247": {}, "2266": {}, "2304": {}, "2316": {}, "2330": {}, "2331": {}, "2436": {}, "2439": {}, "2469": {}, "2510": {}, "2525": {}, "2547": {}, "2554": {}, "2559": {}, "2615": {}, "2627": {}, "2640": {}, "2653": {}, "2658": {}, "2691": {}, "2761": {}, "2790": {}, "2868": {}, "2896": {}, "2910": {}, "3040": {}, "3045": {}, "3068": {}, "3070": {}, "3085": {}, "3099": {}, "3173": {}, "3206": {}, "3215": {}, "3238": {}, "3246": {}, "3256": {}, "3259": {}, "3296": {}, "3331": {}, "3334": {}, "3344": {}, "3354": {}, "3417": {}, "3420": {}, "3425": {}, "3450": {}, "3525": {}, "3539": {}, "3549": {}, "3569": {}, "3576": {}, "3606": {}, "3628": {}, "3639": {}, "3680": {}, "3746": {}, "3811": {}, "3988": {}, "4174": {}, "4184": {}, "4618": {}, "4633": {}, "4691": {}, "4733": {}, "2010": {}, "2041": {}, "2072": {}, "2092": {}, "2124": {}, "2130": {}, "2160": {}, "2177": {}, "2260": {}, "2324": {}, "2334": {}, "2365": {}, "2455": {}, "2486": {}, "2499": {}, "2501": {}, "2502": {}, "2521": {}, "2545": {}, "2609": {}, "2619": {}, "2719": {}, "2782": {}, "2792": {}, "2800": {}, "2840": {}, "2913": {}, "3051": {}, "3074": {}, "3111": {}, "3124": {}, "3155": {}, "3187": {}, "3229": {}, "3260": {}, "3294": {}, "3317": {}, "3333": {}, "3342": {}, "3365": {}, "3377": {}, "3406": {}, "3443": {}, "3458": {}, "3497": {}, "3523": {}, "3551": {}, "3574": {}, "3586": {}, "3638": {}, "3691": {}, "3750": {}, "3768": {}, "4022": {}, "4023": {}, "4114": {}, "4363": {}, "4659": {}, "4796": {}, "4834": {}, "2015": {}, "2032": {}, "2051": {}, "2053": {}, "2220": {}, "2279": {}, "2295": {}, "2383": {}, "2423": {}, "2433": {}, "2445": {}, "2460": {}, "2533": {}, "2597": {}, "2617": {}, "2645": {}, "2734": {}, "2835": {}, "2858": {}, "2870": {}, "2883": {}, "2893": {}, "2938": {}, "2962": {}, "2969": {}, "2989": {}, "3011": {}, "3012": {}, "3030": {}, "3049": {}, "3056": {}, "3072": {}, "3090": {}, "3096": {}, "3097": {}, "3131": {}, "3283": {}, "3353": {}, "3368": {}, "3399": {}, "3408": {}, "3449": {}, "3473": {}, "3537": {}, "3557": {}, "3573": {}, "3596": {}, "3651": {}, "3773": {}, "4056": {}, "4080": {}, "4149": {}, "4707": {}, "2024": {}, "2027": {}, "2065": {}, "2079": {}, "2104": {}, "2105": {}, "2187": {}, "2309": {}, "2313": {}, "2450": {}, "2452": {}, "2476": {}, "2537": {}, "2575": {}, "2579": {}, "2616": {}, "2620": {}, "2642": {}, "2766": {}, "2797": {}, "2806": {}, "2847": {}, "2849": {}, "2887": {}, "2900": {}, "2992": {}, "3143": {}, "3190": {}, "3194": {}, "3196": {}, "3225": {}, "3330": {}, "3355": {}, "3359": {}, "3372": {}, "3373": {}, "3381": {}, "3386": {}, "3421": {}, "3453": {}, "3504": {}, "3666": {}, "3675": {}, "3804": {}, "3805": {}, "3845": {}, "3898": {}, "3926": {}, "4147": {}, "4660": {}, "4675": {}, "4723": {}, "4726": {}, "4829": {}, "2085": {}, "2181": {}, "2197": {}, "2268": {}, "2283": {}, "2287": {}, "2300": {}, "2380": {}, "2424": {}, "2431": {}, "2514": {}, "2515": {}, "2519": {}, "2586": {}, "2631": {}, "2652": {}, "2661": {}, "2690": {}, "2713": {}, "2751": {}, "2755": {}, "2927": {}, "2952": {}, "2996": {}, "3007": {}, "3029": {}, "3036": {}, "3039": {}, "3092": {}, "3105": {}, "3384": {}, "3543": {}, "3587": {}, "3696": {}, "3777": {}, "3791": {}, "3797": {}, "3802": {}, "3911": {}, "4443": {}, "4605": {}, "4759": {}, "4840": {}, "4905": {}, "4917": {}, "4927": {}, "4940": {}, "2019": {}, "2025": {}, "2071": {}, "2110": {}, "2178": {}, "2180": {}, "2185": {}, "2221": {}, "2235": {}, "2265": {}, "2376": {}, "2387": {}, "2448": {}, "2585": {}, "2663": {}, "2726": {}, "2736": {}, "2793": {}, "2963": {}, "3000": {}, "3003": {}, "3018": {}, "3063": {}, "3071": {}, "3087": {}, "3191": {}, "3291": {}, "3340": {}, "3371": {}, "3402": {}, "3431": {}, "3535": {}, "3556": {}, "3591": {}, "3626": {}, "3659": {}, "3681": {}, "3870": {}, "4752": {}, "4821": {}, "4856": {}, "2006": {}, "2086": {}, "2122": {}, "2248": {}, "2301": {}, "2393": {}, "2482": {}, "2570": {}, "2622": {}, "2630": {}, "2647": {}, "2875": {}, "2926": {}, "2984": {}, "2999": {}, "3002": {}, "3050": {}, "3065": {}, "3095": {}, "3234": {}, "3429": {}, "3464": {}, "3563": {}, "3736": {}, "3828": {}, "3841": {}, "3908": {}, "3971": {}, "4037": {}, "4165": {}, "4758": {}, "4774": {}, "4799": {}, "2038": {}, "2040": {}, "2232": {}, "2278": {}, "2289": {}, "2296": {}, "2308": {}, "2354": {}, "2368": {}, "2379": {}, "2528": {}, "2594": {}, "2638": {}, "2711": {}, "2776": {}, "2827": {}, "2944": {}, "2953": {}, "2981": {}, "3019": {}, "3055": {}, "3228": {}, "3233": {}, "3253": {}, "3265": {}, "3281": {}, "3282": {}, "3319": {}, "3326": {}, "3379": {}, "3405": {}, "3424": {}, "3426": {}, "3530": {}, "3657": {}, "3738": {}, "3743": {}, "3754": {}, "3956": {}, "3985": {}, "4666": {}, "4709": {}, "4721": {}, "4802": {}, "2090": {}, "2125": {}, "2168": {}, "2191": {}, "2342": {}, "2483": {}, "2506": {}, "2534": {}, "2614": {}, "2684": {}, "2707": {}, "2709": {}, "2716": {}, "2741": {}, "2768": {}, "2770": {}, "2788": {}, "2871": {}, "2888": {}, "2930": {}, "3034": {}, "3042": {}, "3059": {}, "3136": {}, "3158": {}, "3166": {}, "3189": {}, "3433": {}, "3439": {}, "3500": {}, "3554": {}, "3597": {}, "3676": {}, "3745": {}, "3760": {}, "3803": {}, "3813": {}, "3815": {}, "3903": {}, "3921": {}, "3979": {}, "4630": {}, "4703": {}, "4788": {}, "4814": {}, "2244": {}, "2303": {}, "2325": {}, "2339": {}, "2418": {}, "2552": {}, "2576": {}, "2767": {}, "2780": {}, "2803": {}, "2830": {}, "2844": {}, "2879": {}, "2955": {}, "3121": {}, "3267": {}, "3361": {}, "3448": {}, "3624": {}, "3642": {}, "3694": {}, "3716": {}, "3723": {}, "3747": {}, "3810": {}, "3946": {}, "4615": {}, "4655": {}, "4681": {}, "2149": {}, "2228": {}, "2234": {}, "2344": {}, "2446": {}, "2467": {}, "2610": {}, "2662": {}, "2744": {}, "2774": {}, "2917": {}, "2950": {}, "2983": {}, "2994": {}, "2995": {}, "3014": {}, "3025": {}, "3028": {}, "3064": {}, "3076": {}, "3107": {}, "3118": {}, "3151": {}, "3216": {}, "3221": {}, "3383": {}, "3454": {}, "3457": {}, "3460": {}, "3489": {}, "3521": {}, "3709": {}, "3734": {}, "3735": {}, "3751": {}, "3770": {}, "3847": {}, "4716": {}, "2237": {}, "2263": {}, "2323": {}, "2340": {}, "2413": {}, "2578": {}, "2773": {}, "2839": {}, "2862": {}, "2934": {}, "2942": {}, "3009": {}, "3046": {}, "3104": {}, "3167": {}, "3181": {}, "3185": {}, "3204": {}, "3310": {}, "3363": {}, "3414": {}, "3428": {}, "3455": {}, "3518": {}, "3570": {}, "3692": {}, "3703": {}, "3855": {}, "3952": {}, "3965": {}, "4644": {}, "4735": {}, "4745": {}, "2155": {}, "2175": {}, "2227": {}, "2292": {}, "2389": {}, "2426": {}, "2524": {}, "2562": {}, "2693": {}, "2967": {}, "2993": {}, "3016": {}, "3102": {}, "3226": {}, "3352": {}, "3527": {}, "4822": {}, "2101": {}, "2355": {}, "2471": {}, "2543": {}, "2692": {}, "2898": {}, "2935": {}, "2954": {}, "2982": {}, "3231": {}, "3247": {}, "3250": {}, "3280": {}, "3463": {}, "3496": {}, "3774": {}, "2064": {}, "2386": {}, "2557": {}, "2723": {}, "2924": {}, "2957": {}, "2960": {}, "3054": {}, "3061": {}, "3077": {}, "3244": {}, "3290": {}, "4078": {}, "2293": {}, "2457": {}, "2495": {}, "2621": {}, "2754": {}, "2794": {}, "2889": {}, "2968": {}, "3170": {}, "3198": {}, "3203": {}, "3208": {}, "3272": {}, "3276": {}, "3293": {}, "3711": {}, "3764": {}, "3852": {}, "4770": {}, "2190": {}, "2432": {}, "2478": {}, "2675": {}, "2679": {}, "2689": {}, "2834": {}, "2884": {}, "3013": {}, "3162": {}, "3270": {}, "3271": {}, "3647": {}, "3665": {}, "3686": {}, "2205": {}, "2437": {}, "2511": {}, "2812": {}, "2821": {}, "2854": {}, "2959": {}, "2991": {}, "3001": {}, "3057": {}, "3214": {}, "3230": {}, "3567": {}, "2353": {}, "2373": {}, "2623": {}, "3184": {}, "3255": {}, "3257": {}, "3346": {}, "3769": {}, "3788": {}, "2929": {}, "3419": {}, "3693": {}, "2820": {}, "2915": {}, "2921": {}, "3175": {}, "3662": {}, "3332": {}, "3533": {}, "2842": {}, "2874": {}, "2897": {}, "3004": {}, "2909": {}, "2262": {}, "3451": {}, "2121": {}, "2131": {}, "2151": {}, "2229": {}, "2434": {}, "2441": {}, "2461": {}, "2503": {}, "2724": {}, "2836": {}, "3756": {}, "2335": {}, "2347": {}, "2505": {}, "2567": {}, "2632": {}, "2702": {}, "2733": {}, "2752": {}, "2753": {}, "2838": {}, "3035": {}, "3129": {}, "3469": {}, "3520": {}, "3528": {}, "3924": {}, "3936": {}, "3942": {}, "3968": {}, "3994": {}, "4002": {}, "4102": {}, "4157": {}, "4167": {}, "4179": {}, "4384": {}, "4622": {}, "4643": {}, "4771": {}}, "name": "The Switchboard Dialog Act Corpus"}