{"1519": {"sex": "FEMALE", "education": 1, "birth_year": 1971, "dialect_area": "SOUTH MIDLAND"}, "1632": {"sex": "FEMALE", "education": 2, "birth_year": 1962, "dialect_area": "WESTERN"}, "1597": {"sex": "MALE", "education": 3, "birth_year": 1962, "dialect_area": "WESTERN"}, "1635": {"sex": "FEMALE", "education": 2, "birth_year": 1965, "dialect_area": "NORTHERN"}, "1564": {"sex": "MALE", "education": 3, "birth_year": 1952, "dialect_area": "NORTHERN"}, "1606": {"sex": "MALE", "education": 2, "birth_year": 1963, "dialect_area": "SOUTH MIDLAND"}, "1639": {"sex": "MALE", "education": 1, "birth_year": 1949, "dialect_area": "SOUTH MIDLAND"}, "1619": {"sex": "MALE", "education": 3, "birth_year": 1951, "dialect_area": "NYC"}, "1670": {"sex": "FEMALE", "education": 2, "birth_year": 1970, "dialect_area": "NORTH MIDLAND"}, "1197": {"sex": "MALE", "education": 0, "birth_year": 1947, "dialect_area": "WESTERN"}, "1599": {"sex": "FEMALE", "education": 2, "birth_year": 1963, "dialect_area": "NORTHERN"}, "1340": {"sex": "FEMALE", "education": 3, "birth_year": 1941, "dialect_area": "SOUTH MIDLAND"}, "1582": {"sex": "MALE", "education": 3, "birth_year": 1953, "dialect_area": "NORTH MIDLAND"}, "1595": {"sex": "MALE", "education": 3, "birth_year": 1962, "dialect_area": "NYC"}, "1612": {"sex": "MALE", "education": 2, "birth_year": 1962, "dialect_area": "NORTH MIDLAND"}, "1614": {"sex": "FEMALE", "education": 3, "birth_year": 1963, "dialect_area": "SOUTHERN"}, "1287": {"sex": "MALE", "education": 2, "birth_year": 1955, "dialect_area": "SOUTH MIDLAND"}, "1626": {"sex": "FEMALE", "education": 2, "birth_year": 1953, "dialect_area": "SOUTH MIDLAND"}, "1629": {"sex": "MALE", "education": 2, "birth_year": 1958, "dialect_area": "SOUTH MIDLAND"}, "1569": {"sex": "MALE", "education": 3, "birth_year": 1962, "dialect_area": "NORTHERN"}, "1633": {"sex": "MALE", "education": 3, "birth_year": 1963, "dialect_area": "SOUTHERN"}, "1643": {"sex": "MALE", "education": 2, "birth_year": 1955, "dialect_area": "NEW ENGLAND"}, "1589": {"sex": "FEMALE", "education": 2, "birth_year": 1968, "dialect_area": "NORTHERN"}, "1638": {"sex": "MALE", "education": 2, "birth_year": 1956, "dialect_area": "WESTERN"}, "1194": {"sex": "MALE", "education": 0, "birth_year": 1963, "dialect_area": "NORTHERN"}, "1607": {"sex": "MALE", "education": 2, "birth_year": 1945, "dialect_area": "NORTHERN"}, "1191": {"sex": "MALE", "education": 0, "birth_year": 1940, "dialect_area": "NYC"}, "1697": {"sex": "FEMALE", "education": 2, "birth_year": 1940, "dialect_area": "WESTERN"}, "1309": {"sex": "MALE", "education": 2, "birth_year": 1965, "dialect_area": "SOUTHERN"}, "1428": {"sex": "MALE", "education": 2, "birth_year": 1971, "dialect_area": "SOUTHERN"}, "1505": {"sex": "MALE", "education": 2, "birth_year": 1958, "dialect_area": "NORTHERN"}, "1534": {"sex": "MALE", "education": 2, "birth_year": 1969, "dialect_area": "NEW ENGLAND"}, "1547": {"sex": "MALE", "education": 2, "birth_year": 1965, "dialect_area": "NORTHERN"}, "1508": {"sex": "FEMALE", "education": 3, "birth_year": 1963, "dialect_area": "WESTERN"}, "1524": {"sex": "MALE", "education": 2, "birth_year": 1963, "dialect_area": "WESTERN"}, "1541": {"sex": "MALE", "education": 3, "birth_year": 1966, "dialect_area": "SOUTH MIDLAND"}, "1561": {"sex": "MALE", "education": 2, "birth_year": 1951, "dialect_area": "WESTERN"}, "1604": {"sex": "MALE", "education": 2, "birth_year": 1963, "dialect_area": "NORTHERN"}, "1621": {"sex": "MALE", "education": 2, "birth_year": 1964, "dialect_area": "NORTHERN"}, "1610": {"sex": "MALE", "education": 2, "birth_year": 1943, "dialect_area": "NORTHERN"}, "1669": {"sex": "FEMALE", "education": 2, "birth_year": 1954, "dialect_area": "NEW ENGLAND"}, "1195": {"sex": "MALE", "education": 0, "birth_year": 1947, "dialect_area": "NORTHERN"}, "1114": {"sex": "FEMALE", "education": 2, "birth_year": 1957, "dialect_area": "SOUTHERN"}, "1103": {"sex": "MALE", "education": 2, "birth_year": 1950, "dialect_area": "SOUTH MIDLAND"}, "1502": {"sex": "FEMALE", "education": 3, "birth_year": 1962, "dialect_area": "SOUTH MIDLAND"}, "1493": {"sex": "FEMALE", "education": 2, "birth_year": 1945, "dialect_area": "NORTH MIDLAND"}, "1608": {"sex": "FEMALE", "education": 3, "birth_year": 1948, "dialect_area": "SOUTH MIDLAND"}, "1551": {"sex": "MALE", "education": 3, "birth_year": 1962, "dialect_area": "NORTH MIDLAND"}, "1577": {"sex": "MALE", "education": 2, "birth_year": 1962, "dialect_area": "SOUTH MIDLAND"}, "1600": {"sex": "FEMALE", "education": 2, "birth_year": 1972, "dialect_area": "SOUTH MIDLAND"}, "1540": {"sex": "MALE", "education": 2, "birth_year": 1963, "dialect_area": "NORTHERN"}, "1463": {"sex": "MALE", "education": 2, "birth_year": 1955, "dialect_area": "SOUTHERN"}, "1592": {"sex": "MALE", "education": 3, "birth_year": 1967, "dialect_area": "SOUTHERN"}, "1661": {"sex": "MALE", "education": 2, "birth_year": 1956, "dialect_area": "SOUTH MIDLAND"}, "1625": {"sex": "MALE", "education": 2, "birth_year": 1969, "dialect_area": "NORTH MIDLAND"}, "1630": {"sex": "MALE", "education": 2, "birth_year": 1958, "dialect_area": "SOUTH MIDLAND"}, "1572": {"sex": "MALE", "education": 2, "birth_year": 1961, "dialect_area": "NORTHERN"}, "1634": {"sex": "MALE", "education": 1, "birth_year": 1971, "dialect_area": "NORTH MIDLAND"}, "1611": {"sex": "MALE", "education": 2, "birth_year": 1966, "dialect_area": "WESTERN"}, "1501": {"sex": "FEMALE", "education": 1, "birth_year": 1962, "dialect_area": "WESTERN"}, "1660": {"sex": "FEMALE", "education": 1, "birth_year": 1959, "dialect_area": "WESTERN"}, "1546": {"sex": "MALE", "education": 2, "birth_year": 1952, "dialect_area": "WESTERN"}, "1573": {"sex": "MALE", "education": 3, "birth_year": 1966, "dialect_area": "NYC"}, "1196": {"sex": "MALE", "education": 0, "birth_year": 1940, "dialect_area": "NYC"}, "1221": {"sex": "MALE", "education": 3, "birth_year": 1942, "dialect_area": "NYC"}, "1169": {"sex": "MALE", "education": 2, "birth_year": 1961, "dialect_area": "NORTH MIDLAND"}, "1516": {"sex": "MALE", "education": 2, "birth_year": 1964, "dialect_area": "WESTERN"}, "1471": {"sex": "MALE", "education": 3, "birth_year": 1952, "dialect_area": "NORTH MIDLAND"}, "1500": {"sex": "FEMALE", "education": 3, "birth_year": 1955, "dialect_area": "NORTHERN"}, "1552": {"sex": "MALE", "education": 2, "birth_year": 1950, "dialect_area": "WESTERN"}, "1557": {"sex": "MALE", "education": 2, "birth_year": 1969, "dialect_area": "WESTERN"}, "1536": {"sex": "MALE", "education": 3, "birth_year": 1961, "dialect_area": "NORTHERN"}, "1585": {"sex": "MALE", "education": 2, "birth_year": 1969, "dialect_area": "WESTERN"}, "1558": {"sex": "MALE", "education": 2, "birth_year": 1951, "dialect_area": "NORTHERN"}, "1539": {"sex": "MALE", "education": 2, "birth_year": 1938, "dialect_area": "NORTHERN"}, "1291": {"sex": "FEMALE", "education": 3, "birth_year": 1945, "dialect_area": "NYC"}, "1580": {"sex": "FEMALE", "education": 2, "birth_year": 1972, "dialect_area": "SOUTHERN"}, "1091": {"sex": "FEMALE", "education": 1, "birth_year": 1942, "dialect_area": "SOUTH MIDLAND"}, "1152": {"sex": "FEMALE", "education": 2, "birth_year": 1947, "dialect_area": "SOUTH MIDLAND"}, "1045": {"sex": "FEMALE", "education": 2, "birth_year": 1969, "dialect_area": "WESTERN"}, "1090": {"sex": "MALE", "education": 2, "birth_year": 1964, "dialect_area": "NORTH MIDLAND"}, "1305": {"sex": "FEMALE", "education": 2, "birth_year": 1942, "dialect_area": "NORTH MIDLAND"}, "1181": {"sex": "MALE", "education": 2, "birth_year": 1958, "dialect_area": "SOUTH MIDLAND"}, "1362": {"sex": "FEMALE", "education": 3, "birth_year": 1942, "dialect_area": "NYC"}, "1370": {"sex": "MALE", "education": 2, "birth_year": 1964, "dialect_area": "NORTHERN"}, "1454": {"sex": "FEMALE", "education": 2, "birth_year": 1970, "dialect_area": "SOUTH MIDLAND"}, "1405": {"sex": "FEMALE", "education": 2, "birth_year": 1955, "dialect_area": "NORTH MIDLAND"}, "1298": {"sex": "FEMALE", "education": 1, "birth_year": 1941, "dialect_area": "NORTHERN"}, "1451": {"sex": "MALE", "education": 2, "birth_year": 1968, "dialect_area": "SOUTH MIDLAND"}, "1442": {"sex": "FEMALE", "education": 2, "birth_year": 1937, "dialect_area": "NORTHERN"}, "1532": {"sex": "MALE", "education": 3, "birth_year": 1965, "dialect_area": "SOUTH MIDLAND"}, "1560": {"sex": "MALE", "education": 2, "birth_year": 1964, "dialect_area": "NORTH MIDLAND"}, "1537": {"sex": "MALE", "education": 3, "birth_year": 1971, "dialect_area": "SOUTHERN"}, "1496": {"sex": "MALE", "education": 2, "birth_year": 1970, "dialect_area": "SOUTH MIDLAND"}, "1602": {"sex": "FEMALE", "education": 1, "birth_year": 1963, "dialect_area": "SOUTH MIDLAND"}, "1038": {"sex": "FEMALE", "education": 2, "birth_year": 1963, "dialect_area": "UNK"}, "1179": {"sex": "FEMALE", "education": 2, "birth_year": 1959, "dialect_area": "SOUTH MIDLAND"}, "1100": {"sex": "FEMALE", "education": 3, "birth_year": 1962, "dialect_area": "NORTH MIDLAND"}, "1171": {"sex": "MALE", "education": 2, "birth_year": 1956, "dialect_area": "SOUTH MIDLAND"}, "1266": {"sex": "FEMALE", "education": 3, "birth_year": 1947, "dialect_area": "NYC"}, "1316": {"sex": "FEMALE", "education": 3, "birth_year": 1951, "dialect_area": "NORTHERN"}, "1313": {"sex": "FEMALE", "education": 2, "birth_year": 1956, "dialect_area": "SOUTH MIDLAND"}, "1421": {"sex": "MALE", "education": 2, "birth_year": 1962, "dialect_area": "SOUTHERN"}, "1429": {"sex": "MALE", "education": 2, "birth_year": 1964, "dialect_area": "NEW ENGLAND"}, "1447": {"sex": "FEMALE", "education": 3, "birth_year": 1950, "dialect_area": "SOUTH MIDLAND"}, "1383": {"sex": "MALE", "education": 2, "birth_year": 1947, "dialect_area": "NORTH MIDLAND"}, "1469": {"sex": "FEMALE", "education": 2, "birth_year": 1961, "dialect_area": "SOUTHERN"}, "1530": {"sex": "MALE", "education": 2, "birth_year": 1968, "dialect_area": "SOUTH MIDLAND"}, "1344": {"sex": "FEMALE", "education": 3, "birth_year": 1935, "dialect_area": "SOUTH MIDLAND"}, "1503": {"sex": "MALE", "education": 2, "birth_year": 1956, "dialect_area": "WESTERN"}, "1390": {"sex": "MALE", "education": 3, "birth_year": 1942, "dialect_area": "WESTERN"}, "1655": {"sex": "MALE", "education": 2, "birth_year": 1970, "dialect_area": "NYC"}, "1042": {"sex": "FEMALE", "education": 1, "birth_year": 1938, "dialect_area": "NEW ENGLAND"}, "1076": {"sex": "MALE", "education": 3, "birth_year": 1958, "dialect_area": "SOUTH MIDLAND"}, "1123": {"sex": "FEMALE", "education": 3, "birth_year": 1956, "dialect_area": "SOUTH MIDLAND"}, "1162": {"sex": "MALE", "education": 2, "birth_year": 1964, "dialect_area": "NORTHERN"}, "1055": {"sex": "FEMALE", "education": 2, "birth_year": 1965, "dialect_area": "SOUTH MIDLAND"}, "1025": {"sex": "MALE", "education": 2, "birth_year": 1953, "dialect_area": "SOUTH MIDLAND"}, "1069": {"sex": "MALE", "education": 2, "birth_year": 1950, "dialect_area": "SOUTH MIDLAND"}, "1122": {"sex": "MALE", "education": 9, "birth_year": 1964, "dialect_area": "SOUTH MIDLAND"}, "1254": {"sex": "FEMALE", "education": 2, "birth_year": 1961, "dialect_area": "SOUTH MIDLAND"}, "1293": {"sex": "FEMALE", "education": 3, "birth_year": 1953, "dialect_area": "NORTHERN"}, "1285": {"sex": "FEMALE", "education": 2, "birth_year": 1939, "dialect_area": "MIXED"}, "1054": {"sex": "MALE", "education": 3, "birth_year": 1945, "dialect_area": "SOUTH MIDLAND"}, "1235": {"sex": "FEMALE", "education": 3, "birth_year": 1957, "dialect_area": "NYC"}, "1129": {"sex": "FEMALE", "education": 2, "birth_year": 1942, "dialect_area": "MIXED"}, "1327": {"sex": "FEMALE", "education": 2, "birth_year": 1944, "dialect_area": "SOUTH MIDLAND"}, "1286": {"sex": "FEMALE", "education": 1, "birth_year": 1957, "dialect_area": "MIXED"}, "1288": {"sex": "MALE", "education": 3, "birth_year": 1946, "dialect_area": "NORTH MIDLAND"}, "1290": {"sex": "FEMALE", "education": 3, "birth_year": 1952, "dialect_area": "NORTHERN"}, "1280": {"sex": "FEMALE", "education": 3, "birth_year": 1958, "dialect_area": "NYC"}, "1355": {"sex": "MALE", "education": 3, "birth_year": 1968, "dialect_area": "SOUTH MIDLAND"}, "1373": {"sex": "FEMALE", "education": 2, "birth_year": 1970, "dialect_area": "SOUTH MIDLAND"}, "1307": {"sex": "FEMALE", "education": 3, "birth_year": 1953, "dialect_area": "WESTERN"}, "1381": {"sex": "FEMALE", "education": 2, "birth_year": 1924, "dialect_area": "SOUTH MIDLAND"}, "1325": {"sex": "MALE", "education": 2, "birth_year": 1960, "dialect_area": "WESTERN"}, "1485": {"sex": "MALE", "education": 2, "birth_year": 1956, "dialect_area": "SOUTHERN"}, "1480": {"sex": "FEMALE", "education": 3, "birth_year": 1959, "dialect_area": "WESTERN"}, "1476": {"sex": "MALE", "education": 2, "birth_year": 1955, "dialect_area": "WESTERN"}, "1371": {"sex": "FEMALE", "education": 2, "birth_year": 1970, "dialect_area": "NORTHERN"}, "1498": {"sex": "FEMALE", "education": 2, "birth_year": 1937, "dialect_area": "NORTH MIDLAND"}, "1468": {"sex": "MALE", "education": 3, "birth_year": 1943, "dialect_area": "NORTH MIDLAND"}, "1529": {"sex": "MALE", "education": 2, "birth_year": 1934, "dialect_area": "NEW ENGLAND"}, "1514": {"sex": "FEMALE", "education": 2, "birth_year": 1959, "dialect_area": "WESTERN"}, "1188": {"sex": "MALE", "education": 3, "birth_year": 1944, "dialect_area": "NORTH MIDLAND"}, "1664": {"sex": "MALE", "education": 3, "birth_year": 1956, "dialect_area": "SOUTHERN"}, "1000": {"sex": "FEMALE", "education": 1, "birth_year": 1954, "dialect_area": "SOUTH MIDLAND"}, "1044": {"sex": "FEMALE", "education": 1, "birth_year": 1962, "dialect_area": "SOUTH MIDLAND"}, "1021": {"sex": "MALE", "education": 3, "birth_year": 1957, "dialect_area": "NORTHERN"}, "1167": {"sex": "MALE", "education": 3, "birth_year": 1969, "dialect_area": "NORTHERN"}, "1008": {"sex": "FEMALE", "education": 1, "birth_year": 1939, "dialect_area": "MIXED"}, "1135": {"sex": "FEMALE", "education": 2, "birth_year": 1963, "dialect_area": "SOUTH MIDLAND"}, "1053": {"sex": "FEMALE", "education": 2, "birth_year": 1967, "dialect_area": "SOUTH MIDLAND"}, "1138": {"sex": "FEMALE", "education": 2, "birth_year": 1961, "dialect_area": "SOUTH MIDLAND"}, "1084": {"sex": "MALE", "education": 3, "birth_year": 1959, "dialect_area": "WESTERN"}, "1092": {"sex": "MALE", "education": 2, "birth_year": 1960, "dialect_area": "WESTERN"}, "1244": {"sex": "FEMALE", "education": 2, "birth_year": 1937, "dialect_area": "SOUTHERN"}, "1095": {"sex": "MALE", "education": 3, "birth_year": 1958, "dialect_area": "MIXED"}, "1284": {"sex": "MALE", "education": 2, "birth_year": 1968, "dialect_area": "SOUTH MIDLAND"}, "1270": {"sex": "MALE", "education": 3, "birth_year": 1965, "dialect_area": "MIXED"}, "1278": {"sex": "MALE", "education": 0, "birth_year": 1956, "dialect_area": "SOUTHERN"}, "1320": {"sex": "FEMALE", "education": 1, "birth_year": 1962, "dialect_area": "MIXED"}, "1410": {"sex": "FEMALE", "education": 2, "birth_year": 1955, "dialect_area": "SOUTH MIDLAND"}, "1318": {"sex": "MALE", "education": 3, "birth_year": 1956, "dialect_area": "SOUTHERN"}, "1379": {"sex": "MALE", "education": 2, "birth_year": 1933, "dialect_area": "NORTHERN"}, "1011": {"sex": "FEMALE", "education": 2, "birth_year": 1964, "dialect_area": "SOUTH MIDLAND"}, "1259": {"sex": "FEMALE", "education": 2, "birth_year": 1963, "dialect_area": "SOUTH MIDLAND"}, "1360": {"sex": "MALE", "education": 2, "birth_year": 1963, "dialect_area": "WESTERN"}, "1413": {"sex": "MALE", "education": 2, "birth_year": 1940, "dialect_area": "SOUTH MIDLAND"}, "1301": {"sex": "FEMALE", "education": 3, "birth_year": 1964, "dialect_area": "WESTERN"}, "1420": {"sex": "MALE", "education": 2, "birth_year": 1966, "dialect_area": "NORTH MIDLAND"}, "1336": {"sex": "FEMALE", "education": 2, "birth_year": 1931, "dialect_area": "SOUTH MIDLAND"}, "1407": {"sex": "MALE", "education": 3, "birth_year": 1949, "dialect_area": "NYC"}, "1350": {"sex": "MALE", "education": 2, "birth_year": 1939, "dialect_area": "NEW ENGLAND"}, "1388": {"sex": "MALE", "education": 3, "birth_year": 1967, "dialect_area": "NORTH MIDLAND"}, "1376": {"sex": "MALE", "education": 2, "birth_year": 1965, "dialect_area": "NORTH MIDLAND"}, "1408": {"sex": "FEMALE", "education": 2, "birth_year": 1961, "dialect_area": "SOUTH MIDLAND"}, "1490": {"sex": "MALE", "education": 3, "birth_year": 1950, "dialect_area": "NORTH MIDLAND"}, "1570": {"sex": "MALE", "education": 2, "birth_year": 1961, "dialect_area": "WESTERN"}, "1199": {"sex": "MALE", "education": 3, "birth_year": 1941, "dialect_area": "SOUTHERN"}, "1696": {"sex": "FEMALE", "education": 1, "birth_year": 1954, "dialect_area": "WESTERN"}, "1165": {"sex": "MALE", "education": 2, "birth_year": 1937, "dialect_area": "NORTHERN"}, "1689": {"sex": "MALE", "education": 3, "birth_year": 1945, "dialect_area": "NORTH MIDLAND"}, "1587": {"sex": "MALE", "education": 2, "birth_year": 1969, "dialect_area": "NORTH MIDLAND"}, "1056": {"sex": "MALE", "education": 3, "birth_year": 1948, "dialect_area": "WESTERN"}, "1119": {"sex": "MALE", "education": 3, "birth_year": 1946, "dialect_area": "MIXED"}, "1101": {"sex": "MALE", "education": 3, "birth_year": 1939, "dialect_area": "SOUTH MIDLAND"}, "1047": {"sex": "MALE", "education": 2, "birth_year": 1963, "dialect_area": "SOUTH MIDLAND"}, "1176": {"sex": "FEMALE", "education": 2, "birth_year": 1959, "dialect_area": "MIXED"}, "1226": {"sex": "FEMALE", "education": 2, "birth_year": 1970, "dialect_area": "SOUTHERN"}, "1115": {"sex": "MALE", "education": 2, "birth_year": 1958, "dialect_area": "SOUTH MIDLAND"}, "1014": {"sex": "FEMALE", "education": 1, "birth_year": 1947, "dialect_area": "MIXED"}, "1211": {"sex": "MALE", "education": 2, "birth_year": 1964, "dialect_area": "SOUTH MIDLAND"}, "1156": {"sex": "FEMALE", "education": 2, "birth_year": 1946, "dialect_area": "SOUTHERN"}, "1225": {"sex": "FEMALE", "education": 1, "birth_year": 1946, "dialect_area": "SOUTHERN"}, "1068": {"sex": "FEMALE", "education": 3, "birth_year": 1959, "dialect_area": "SOUTH MIDLAND"}, "1232": {"sex": "MALE", "education": 3, "birth_year": 1958, "dialect_area": "SOUTH MIDLAND"}, "1279": {"sex": "MALE", "education": 2, "birth_year": 1935, "dialect_area": "SOUTH MIDLAND"}, "1303": {"sex": "FEMALE", "education": 3, "birth_year": 1946, "dialect_area": "NORTH MIDLAND"}, "1368": {"sex": "MALE", "education": 3, "birth_year": 1935, "dialect_area": "NORTHERN"}, "1399": {"sex": "FEMALE", "education": 2, "birth_year": 1949, "dialect_area": "SOUTH MIDLAND"}, "1406": {"sex": "MALE", "education": 3, "birth_year": 1954, "dialect_area": "NORTH MIDLAND"}, "1334": {"sex": "FEMALE", "education": 3, "birth_year": 1963, "dialect_area": "NEW ENGLAND"}, "1377": {"sex": "FEMALE", "education": 2, "birth_year": 1941, "dialect_area": "NORTHERN"}, "1400": {"sex": "FEMALE", "education": 2, "birth_year": 1942, "dialect_area": "MIXED"}, "1397": {"sex": "FEMALE", "education": 3, "birth_year": 1930, "dialect_area": "SOUTH MIDLAND"}, "1378": {"sex": "MALE", "education": 2, "birth_year": 1940, "dialect_area": "NORTHERN"}, "1438": {"sex": "MALE", "education": 3, "birth_year": 1959, "dialect_area": "NORTH MIDLAND"}, "1677": {"sex": "MALE", "education": 2, "birth_year": 1971, "dialect_area": "WESTERN"}, "1703": {"sex": "MALE", "education": 3, "birth_year": 1958, "dialect_area": "SOUTHERN"}, "1701": {"sex": "FEMALE", "education": 2, "birth_year": 1936, "dialect_area": "NORTHERN"}, "1086": {"sex": "FEMALE", "education": 2, "birth_year": 1965, "dialect_area": "SOUTHERN"}, "1141": {"sex": "MALE", "education": 3, "birth_year": 1962, "dialect_area": "MIXED"}, "1155": {"sex": "FEMALE", "education": 2, "birth_year": 1941, "dialect_area": "WESTERN"}, "1024": {"sex": "MALE", "education": 2, "birth_year": 1964, "dialect_area": "NORTH MIDLAND"}, "1073": {"sex": "MALE", "education": 3, "birth_year": 1967, "dialect_area": "NORTHERN"}, "1110": {"sex": "MALE", "education": 3, "birth_year": 1961, "dialect_area": "WESTERN"}, "1001": {"sex": "MALE", "education": 3, "birth_year": 1940, "dialect_area": "WESTERN"}, "1204": {"sex": "FEMALE", "education": 3, "birth_year": 1951, "dialect_area": "NORTHERN"}, "1315": {"sex": "FEMALE", "education": 3, "birth_year": 1943, "dialect_area": "SOUTH MIDLAND"}, "1281": {"sex": "FEMALE", "education": 3, "birth_year": 1955, "dialect_area": "NEW ENGLAND"}, "1366": {"sex": "FEMALE", "education": 2, "birth_year": 1945, "dialect_area": "WESTERN"}, "1357": {"sex": "FEMALE", "education": 2, "birth_year": 1936, "dialect_area": "NORTHERN"}, "1351": {"sex": "FEMALE", "education": 2, "birth_year": 1955, "dialect_area": "SOUTH MIDLAND"}, "1414": {"sex": "FEMALE", "education": 2, "birth_year": 1941, "dialect_area": "SOUTH MIDLAND"}, "1424": {"sex": "MALE", "education": 2, "birth_year": 1958, "dialect_area": "SOUTH MIDLAND"}, "1345": {"sex": "MALE", "education": 3, "birth_year": 1943, "dialect_area": "SOUTH MIDLAND"}, "1393": {"sex": "FEMALE", "education": 2, "birth_year": 1935, "dialect_area": "SOUTH MIDLAND"}, "1461": {"sex": "FEMALE", "education": 2, "birth_year": 1962, "dialect_area": "WESTERN"}, "1457": {"sex": "MALE", "education": 2, "birth_year": 1954, "dialect_area": "SOUTH MIDLAND"}, "1527": {"sex": "MALE", "education": 2, "birth_year": 1943, "dialect_area": "NORTH MIDLAND"}, "1531": {"sex": "MALE", "education": 2, "birth_year": 1967, "dialect_area": "NORTHERN"}, "1459": {"sex": "MALE", "education": 2, "birth_year": 1947, "dialect_area": "SOUTH MIDLAND"}, "1700": {"sex": "MALE", "education": 3, "birth_year": 1966, "dialect_area": "NORTHERN"}, "1072": {"sex": "FEMALE", "education": 2, "birth_year": 1941, "dialect_area": "SOUTH MIDLAND"}, "1026": {"sex": "FEMALE", "education": 2, "birth_year": 1957, "dialect_area": "SOUTHERN"}, "1214": {"sex": "FEMALE", "education": 2, "birth_year": 1960, "dialect_area": "NEW ENGLAND"}, "1085": {"sex": "MALE", "education": 3, "birth_year": 1947, "dialect_area": "SOUTH MIDLAND"}, "1107": {"sex": "FEMALE", "education": 2, "birth_year": 1961, "dialect_area": "WESTERN"}, "1002": {"sex": "FEMALE", "education": 2, "birth_year": 1963, "dialect_area": "SOUTHERN"}, "1233": {"sex": "FEMALE", "education": 3, "birth_year": 1931, "dialect_area": "NEW ENGLAND"}, "1168": {"sex": "MALE", "education": 2, "birth_year": 1949, "dialect_area": "NORTH MIDLAND"}, "1027": {"sex": "FEMALE", "education": 2, "birth_year": 1961, "dialect_area": "NORTH MIDLAND"}, "1106": {"sex": "FEMALE", "education": 2, "birth_year": 1964, "dialect_area": "SOUTH MIDLAND"}, "1031": {"sex": "FEMALE", "education": 3, "birth_year": 1940, "dialect_area": "SOUTH MIDLAND"}, "1251": {"sex": "FEMALE", "education": 2, "birth_year": 1945, "dialect_area": "NORTHERN"}, "1098": {"sex": "FEMALE", "education": 2, "birth_year": 1957, "dialect_area": "SOUTH MIDLAND"}, "1419": {"sex": "FEMALE", "education": 2, "birth_year": 1949, "dialect_area": "NORTH MIDLAND"}, "1426": {"sex": "MALE", "education": 2, "birth_year": 1952, "dialect_area": "NORTHERN"}, "1353": {"sex": "MALE", "education": 3, "birth_year": 1943, "dialect_area": "MIXED"}, "1349": {"sex": "FEMALE", "education": 3, "birth_year": 1965, "dialect_area": "NEW ENGLAND"}, "1455": {"sex": "FEMALE", "education": 2, "birth_year": 1960, "dialect_area": "WESTERN"}, "1477": {"sex": "MALE", "education": 2, "birth_year": 1957, "dialect_area": "NORTH MIDLAND"}, "1262": {"sex": "MALE", "education": 2, "birth_year": 1963, "dialect_area": "SOUTHERN"}, "1443": {"sex": "FEMALE", "education": 2, "birth_year": 1944, "dialect_area": "NORTHERN"}, "1422": {"sex": "MALE", "education": 2, "birth_year": 1956, "dialect_area": "SOUTHERN"}, "1522": {"sex": "FEMALE", "education": 2, "birth_year": 1968, "dialect_area": "SOUTH MIDLAND"}, "1684": {"sex": "FEMALE", "education": 1, "birth_year": 1966, "dialect_area": "SOUTHERN"}, "1190": {"sex": "MALE", "education": 3, "birth_year": 1941, "dialect_area": "NYC"}, "1682": {"sex": "MALE", "education": 2, "birth_year": 1967, "dialect_area": "NORTHERN"}, "1057": {"sex": "FEMALE", "education": 2, "birth_year": 1963, "dialect_area": "NORTH MIDLAND"}, "1174": {"sex": "MALE", "education": 2, "birth_year": 1962, "dialect_area": "MIXED"}, "1089": {"sex": "FEMALE", "education": 2, "birth_year": 1939, "dialect_area": "SOUTH MIDLAND"}, "1039": {"sex": "MALE", "education": 3, "birth_year": 1943, "dialect_area": "SOUTHERN"}, "1140": {"sex": "MALE", "education": 2, "birth_year": 1941, "dialect_area": "SOUTH MIDLAND"}, "1078": {"sex": "MALE", "education": 9, "birth_year": 1964, "dialect_area": "MIXED"}, "1094": {"sex": "FEMALE", "education": 2, "birth_year": 1960, "dialect_area": "SOUTH MIDLAND"}, "1096": {"sex": "FEMALE", "education": 2, "birth_year": 1963, "dialect_area": "SOUTH MIDLAND"}, "1108": {"sex": "MALE", "education": 2, "birth_year": 1950, "dialect_area": "NORTHERN"}, "1149": {"sex": "FEMALE", "education": 2, "birth_year": 1954, "dialect_area": "NORTH MIDLAND"}, "1170": {"sex": "MALE", "education": 3, "birth_year": 1952, "dialect_area": "WESTERN"}, "1093": {"sex": "FEMALE", "education": 2, "birth_year": 1960, "dialect_area": "NORTH MIDLAND"}, "1231": {"sex": "FEMALE", "education": 3, "birth_year": 1956, "dialect_area": "MIXED"}, "1230": {"sex": "FEMALE", "education": 2, "birth_year": 1961, "dialect_area": "MIXED"}, "1059": {"sex": "MALE", "education": 2, "birth_year": 1963, "dialect_area": "SOUTH MIDLAND"}, "1132": {"sex": "FEMALE", "education": 3, "birth_year": 1942, "dialect_area": "SOUTH MIDLAND"}, "1224": {"sex": "FEMALE", "education": 2, "birth_year": 1959, "dialect_area": "SOUTH MIDLAND"}, "1236": {"sex": "FEMALE", "education": 2, "birth_year": 1965, "dialect_area": "SOUTH MIDLAND"}, "1252": {"sex": "FEMALE", "education": 2, "birth_year": 1933, "dialect_area": "WESTERN"}, "1257": {"sex": "MALE", "education": 3, "birth_year": 1933, "dialect_area": "NYC"}, "1292": {"sex": "FEMALE", "education": 3, "birth_year": 1942, "dialect_area": "NORTH MIDLAND"}, "1324": {"sex": "FEMALE", "education": 3, "birth_year": 1954, "dialect_area": "SOUTH MIDLAND"}, "1361": {"sex": "FEMALE", "education": 2, "birth_year": 1966, "dialect_area": "WESTERN"}, "1343": {"sex": "MALE", "education": 3, "birth_year": 1933, "dialect_area": "SOUTH MIDLAND"}, "1412": {"sex": "FEMALE", "education": 2, "birth_year": 1961, "dialect_area": "WESTERN"}, "1466": {"sex": "FEMALE", "education": 2, "birth_year": 1957, "dialect_area": "WESTERN"}, "1051": {"sex": "MALE", "education": 2, "birth_year": 1954, "dialect_area": "SOUTH MIDLAND"}, "1657": {"sex": "FEMALE", "education": 2, "birth_year": 1947, "dialect_area": "NORTH MIDLAND"}, "1662": {"sex": "MALE", "education": 2, "birth_year": 1959, "dialect_area": "WESTERN"}, "1133": {"sex": "MALE", "education": 2, "birth_year": 1935, "dialect_area": "SOUTH MIDLAND"}, "1083": {"sex": "FEMALE", "education": 2, "birth_year": 1962, "dialect_area": "SOUTHERN"}, "1034": {"sex": "MALE", "education": 3, "birth_year": 1961, "dialect_area": "NORTHERN"}, "1124": {"sex": "MALE", "education": 3, "birth_year": 1960, "dialect_area": "NORTH MIDLAND"}, "1328": {"sex": "FEMALE", "education": 3, "birth_year": 1949, "dialect_area": "NORTH MIDLAND"}, "1263": {"sex": "FEMALE", "education": 2, "birth_year": 1934, "dialect_area": "NORTHERN"}, "1389": {"sex": "FEMALE", "education": 2, "birth_year": 1971, "dialect_area": "SOUTH MIDLAND"}, "1367": {"sex": "FEMALE", "education": 2, "birth_year": 1955, "dialect_area": "NYC"}, "1004": {"sex": "FEMALE", "education": 2, "birth_year": 1958, "dialect_area": "NORTHERN"}, "1464": {"sex": "MALE", "education": 2, "birth_year": 1959, "dialect_area": "WESTERN"}, "1478": {"sex": "MALE", "education": 3, "birth_year": 1945, "dialect_area": "SOUTHERN"}, "1699": {"sex": "MALE", "education": 1, "birth_year": 1964, "dialect_area": "SOUTH MIDLAND"}, "1533": {"sex": "MALE", "education": 3, "birth_year": 1965, "dialect_area": "NORTH MIDLAND"}, "1594": {"sex": "FEMALE", "education": 3, "birth_year": 1948, "dialect_area": "NEW ENGLAND"}, "1515": {"sex": "MALE", "education": 2, "birth_year": 1936, "dialect_area": "NORTH MIDLAND"}, "1005": {"sex": "FEMALE", "education": 2, "birth_year": 1956, "dialect_area": "WESTERN"}, "1691": {"sex": "MALE", "education": 3, "birth_year": 1969, "dialect_area": "SOUTH MIDLAND"}, "1071": {"sex": "FEMALE", "education": 3, "birth_year": 1951, "dialect_area": "SOUTH MIDLAND"}, "1018": {"sex": "FEMALE", "education": 3, "birth_year": 1962, "dialect_area": "SOUTH MIDLAND"}, "1142": {"sex": "MALE", "education": 2, "birth_year": 1963, "dialect_area": "NORTHERN"}, "1016": {"sex": "FEMALE", "education": 2, "birth_year": 1945, "dialect_area": "SOUTHERN"}, "1117": {"sex": "MALE", "education": 2, "birth_year": 1950, "dialect_area": "NORTH MIDLAND"}, "1105": {"sex": "FEMALE", "education": 3, "birth_year": 1944, "dialect_area": "NYC"}, "1260": {"sex": "FEMALE", "education": 2, "birth_year": 1953, "dialect_area": "NORTH MIDLAND"}, "1015": {"sex": "FEMALE", "education": 2, "birth_year": 1967, "dialect_area": "NEW ENGLAND"}, "1229": {"sex": "FEMALE", "education": 3, "birth_year": 1950, "dialect_area": "NORTHERN"}, "1112": {"sex": "FEMALE", "education": 3, "birth_year": 1956, "dialect_area": "SOUTHERN"}, "1409": {"sex": "FEMALE", "education": 2, "birth_year": 1941, "dialect_area": "SOUTH MIDLAND"}, "1338": {"sex": "FEMALE", "education": 2, "birth_year": 1940, "dialect_area": "NYC"}, "1436": {"sex": "MALE", "education": 2, "birth_year": 1940, "dialect_area": "SOUTH MIDLAND"}, "1567": {"sex": "MALE", "education": 1, "birth_year": 1946, "dialect_area": "WESTERN"}, "1647": {"sex": "MALE", "education": 2, "birth_year": 1963, "dialect_area": "SOUTHERN"}, "1437": {"sex": "FEMALE", "education": 2, "birth_year": 1941, "dialect_area": "NORTHERN"}, "1688": {"sex": "MALE", "education": 2, "birth_year": 1965, "dialect_area": "NORTHERN"}, "1674": {"sex": "FEMALE", "education": 1, "birth_year": 1946, "dialect_area": "SOUTH MIDLAND"}, "1061": {"sex": "MALE", "education": 2, "birth_year": 1957, "dialect_area": "SOUTH MIDLAND"}, "1013": {"sex": "FEMALE", "education": 2, "birth_year": 1957, "dialect_area": "SOUTH MIDLAND"}, "1239": {"sex": "MALE", "education": 3, "birth_year": 1936, "dialect_area": "SOUTH MIDLAND"}, "1052": {"sex": "MALE", "education": 2, "birth_year": 1930, "dialect_area": "NYC"}, "1238": {"sex": "FEMALE", "education": 2, "birth_year": 1966, "dialect_area": "NORTH MIDLAND"}, "1264": {"sex": "FEMALE", "education": 2, "birth_year": 1943, "dialect_area": "SOUTH MIDLAND"}, "1417": {"sex": "FEMALE", "education": 2, "birth_year": 1962, "dialect_area": "SOUTH MIDLAND"}, "1435": {"sex": "MALE", "education": 2, "birth_year": 1947, "dialect_area": "NORTHERN"}, "1509": {"sex": "FEMALE", "education": 1, "birth_year": 1963, "dialect_area": "NEW ENGLAND"}, "1446": {"sex": "MALE", "education": 2, "birth_year": 1969, "dialect_area": "SOUTH MIDLAND"}, "1651": {"sex": "MALE", "education": 2, "birth_year": 1969, "dialect_area": "WESTERN"}, "1064": {"sex": "FEMALE", "education": 9, "birth_year": 1951, "dialect_area": "NORTHERN"}, "1035": {"sex": "FEMALE", "education": 2, "birth_year": 1953, "dialect_area": "NORTH MIDLAND"}, "1687": {"sex": "MALE", "education": 2, "birth_year": 1962, "dialect_area": "NORTHERN"}, "1209": {"sex": "MALE", "education": 2, "birth_year": 1954, "dialect_area": "SOUTH MIDLAND"}, "1402": {"sex": "MALE", "education": 3, "birth_year": 1924, "dialect_area": "SOUTHERN"}, "1425": {"sex": "MALE", "education": 2, "birth_year": 1960, "dialect_area": "WESTERN"}, "1474": {"sex": "MALE", "education": 3, "birth_year": 1951, "dialect_area": "NORTHERN"}, "1022": {"sex": "FEMALE", "education": 2, "birth_year": 1959, "dialect_area": "SOUTH MIDLAND"}, "1253": {"sex": "FEMALE", "education": 2, "birth_year": 1958, "dialect_area": "WESTERN"}, "1491": {"sex": "FEMALE", "education": 1, "birth_year": 1943, "dialect_area": "SOUTH MIDLAND"}, "1481": {"sex": "FEMALE", "education": 1, "birth_year": 1935, "dialect_area": "NORTH MIDLAND"}, "1673": {"sex": "MALE", "education": 3, "birth_year": 1959, "dialect_area": "SOUTHERN"}, "1695": {"sex": "FEMALE", "education": 2, "birth_year": 1964, "dialect_area": "SOUTHERN"}, "1678": {"sex": "MALE", "education": 2, "birth_year": 1966, "dialect_area": "NORTH MIDLAND"}, "1563": {"sex": "MALE", "education": 2, "birth_year": 1967, "dialect_area": "NORTHERN"}, "1423": {"sex": "FEMALE", "education": 2, "birth_year": 1960, "dialect_area": "WESTERN"}, "1104": {"sex": "MALE", "education": 3, "birth_year": 1938, "dialect_area": "NYC"}, "1074": {"sex": "FEMALE", "education": 2, "birth_year": 1968, "dialect_area": "NYC"}, "1283": {"sex": "MALE", "education": 3, "birth_year": 1950, "dialect_area": "MIXED"}, "1120": {"sex": "FEMALE", "education": 2, "birth_year": 1969, "dialect_area": "NORTH MIDLAND"}, "1148": {"sex": "FEMALE", "education": 3, "birth_year": 1959, "dialect_area": "SOUTH MIDLAND"}, "1028": {"sex": "MALE", "education": 3, "birth_year": 1965, "dialect_area": "NYC"}, "1258": {"sex": "MALE", "education": 2, "birth_year": 1956, "dialect_area": "SOUTH MIDLAND"}, "1130": {"sex": "FEMALE", "education": 3, "birth_year": 1941, "dialect_area": "NORTHERN"}, "1415": {"sex": "FEMALE", "education": 1, "birth_year": 1939, "dialect_area": "SOUTH MIDLAND"}, "1690": {"sex": "MALE", "education": 2, "birth_year": 1955, "dialect_area": "NYC"}, "1352": {"sex": "FEMALE", "education": 2, "birth_year": 1959, "dialect_area": "NORTHERN"}, "1650": {"sex": "MALE", "education": 3, "birth_year": 1965, "dialect_area": "SOUTH MIDLAND"}, "1620": {"sex": "FEMALE", "education": 3, "birth_year": 1945, "dialect_area": "WESTERN"}, "1623": {"sex": "MALE", "education": 3, "birth_year": 1949, "dialect_area": "SOUTH MIDLAND"}, "1043": {"sex": "FEMALE", "education": 1, "birth_year": 1936, "dialect_area": "NORTH MIDLAND"}, "1401": {"sex": "FEMALE", "education": 1, "birth_year": 1975, "dialect_area": "SOUTH MIDLAND"}, "1087": {"sex": "MALE", "education": 3, "birth_year": 1958, "dialect_area": "NORTHERN"}, "1121": {"sex": "MALE", "education": 2, "birth_year": 1937, "dialect_area": "NEW ENGLAND"}, "1128": {"sex": "MALE", "education": 2, "birth_year": 1933, "dialect_area": "SOUTH MIDLAND"}, "1126": {"sex": "FEMALE", "education": 2, "birth_year": 1963, "dialect_area": "SOUTH MIDLAND"}, "1010": {"sex": "MALE", "education": 1, "birth_year": 1932, "dialect_area": "NEW ENGLAND"}, "1075": {"sex": "FEMALE", "education": 2, "birth_year": 1957, "dialect_area": "MIXED"}, "1139": {"sex": "MALE", "education": 2, "birth_year": 1956, "dialect_area": "NORTHERN"}, "1033": {"sex": "FEMALE", "education": 1, "birth_year": 1965, "dialect_area": "SOUTH MIDLAND"}, "1019": {"sex": "MALE", "education": 3, "birth_year": 1941, "dialect_area": "NEW ENGLAND"}, "1146": {"sex": "MALE", "education": 3, "birth_year": 1961, "dialect_area": "SOUTH MIDLAND"}, "1151": {"sex": "MALE", "education": 3, "birth_year": 1953, "dialect_area": "SOUTHERN"}, "1102": {"sex": "MALE", "education": 2, "birth_year": 1965, "dialect_area": "SOUTH MIDLAND"}, "1050": {"sex": "MALE", "education": 3, "birth_year": 1950, "dialect_area": "SOUTHERN"}, "1237": {"sex": "MALE", "education": 2, "birth_year": 1965, "dialect_area": "NORTH MIDLAND"}, "1255": {"sex": "MALE", "education": 3, "birth_year": 1953, "dialect_area": "SOUTH MIDLAND"}, "1488": {"sex": "MALE", "education": 2, "birth_year": 1947, "dialect_area": "SOUTHERN"}, "1479": {"sex": "FEMALE", "education": 2, "birth_year": 1952, "dialect_area": "SOUTHERN"}, "1175": {"sex": "FEMALE", "education": 9, "birth_year": 1956, "dialect_area": "WESTERN"}, "1063": {"sex": "MALE", "education": 3, "birth_year": 1965, "dialect_area": "NORTH MIDLAND"}, "1180": {"sex": "FEMALE", "education": 2, "birth_year": 1934, "dialect_area": "NORTH MIDLAND"}, "1020": {"sex": "FEMALE", "education": 2, "birth_year": 1956, "dialect_area": "NORTH MIDLAND"}, "1060": {"sex": "FEMALE", "education": 1, "birth_year": 1942, "dialect_area": "WESTERN"}, "1153": {"sex": "FEMALE", "education": 3, "birth_year": 1959, "dialect_area": "WESTERN"}, "1159": {"sex": "MALE", "education": 3, "birth_year": 1944, "dialect_area": "NORTH MIDLAND"}, "1145": {"sex": "MALE", "education": 2, "birth_year": 1969, "dialect_area": "MIXED"}, "1154": {"sex": "MALE", "education": 2, "birth_year": 1969, "dialect_area": "SOUTHERN"}, "1007": {"sex": "FEMALE", "education": 2, "birth_year": 1965, "dialect_area": "NEW ENGLAND"}, "1116": {"sex": "MALE", "education": 3, "birth_year": 1955, "dialect_area": "SOUTH MIDLAND"}, "1219": {"sex": "MALE", "education": 2, "birth_year": 1953, "dialect_area": "SOUTHERN"}, "1127": {"sex": "MALE", "education": 3, "birth_year": 1933, "dialect_area": "NEW ENGLAND"}, "1178": {"sex": "FEMALE", "education": 2, "birth_year": 1961, "dialect_area": "SOUTH MIDLAND"}, "1032": {"sex": "FEMALE", "education": 2, "birth_year": 1943, "dialect_area": "SOUTHERN"}, "1212": {"sex": "MALE", "education": 3, "birth_year": 1943, "dialect_area": "SOUTHERN"}, "1249": {"sex": "FEMALE", "education": 2, "birth_year": 1954, "dialect_area": "WESTERN"}, "1245": {"sex": "MALE", "education": 2, "birth_year": 1935, "dialect_area": "SOUTHERN"}, "1208": {"sex": "FEMALE", "education": 1, "birth_year": 1941, "dialect_area": "WESTERN"}, "1070": {"sex": "MALE", "education": 2, "birth_year": 1962, "dialect_area": "SOUTH MIDLAND"}, "1147": {"sex": "MALE", "education": 3, "birth_year": 1942, "dialect_area": "SOUTH MIDLAND"}, "1308": {"sex": "MALE", "education": 3, "birth_year": 1941, "dialect_area": "NORTHERN"}, "1304": {"sex": "MALE", "education": 3, "birth_year": 1950, "dialect_area": "SOUTH MIDLAND"}, "1297": {"sex": "FEMALE", "education": 2, "birth_year": 1965, "dialect_area": "MIXED"}, "1449": {"sex": "MALE", "education": 2, "birth_year": 1969, "dialect_area": "SOUTH MIDLAND"}, "1382": {"sex": "FEMALE", "education": 2, "birth_year": 1939, "dialect_area": "SOUTH MIDLAND"}, "1458": {"sex": "MALE", "education": 3, "birth_year": 1948, "dialect_area": "NYC"}, "1467": {"sex": "MALE", "education": 3, "birth_year": 1955, "dialect_area": "WESTERN"}, "1342": {"sex": "FEMALE", "education": 0, "birth_year": 1937, "dialect_area": "SOUTH MIDLAND"}, "1504": {"sex": "FEMALE", "education": 2, "birth_year": 1943, "dialect_area": "SOUTH MIDLAND"}, "1386": {"sex": "FEMALE", "education": 3, "birth_year": 1958, "dialect_area": "MIXED"}, "1497": {"sex": "MALE", "education": 2, "birth_year": 1932, "dialect_area": "WESTERN"}, "1213": {"sex": "MALE", "education": 3, "birth_year": 1929, "dialect_area": "SOUTH MIDLAND"}, "1487": {"sex": "MALE", "education": 2, "birth_year": 1967, "dialect_area": "NORTH MIDLAND"}, "1465": {"sex": "FEMALE", "education": 3, "birth_year": 1942, "dialect_area": "NYC"}, "1484": {"sex": "FEMALE", "education": 0, "birth_year": 1963, "dialect_area": "SOUTH MIDLAND"}, "1495": {"sex": "FEMALE", "education": 2, "birth_year": 1970, "dialect_area": "SOUTH MIDLAND"}, "1312": {"sex": "MALE", "education": 3, "birth_year": 1951, "dialect_area": "SOUTHERN"}, "1512": {"sex": "FEMALE", "education": 1, "birth_year": 1970, "dialect_area": "SOUTH MIDLAND"}, "1450": {"sex": "FEMALE", "education": 3, "birth_year": 1927, "dialect_area": "SOUTH MIDLAND"}, "1603": {"sex": "FEMALE", "education": 2, "birth_year": 1970, "dialect_area": "SOUTH MIDLAND"}, "1556": {"sex": "MALE", "education": 3, "birth_year": 1961, "dialect_area": "SOUTHERN"}, "1543": {"sex": "MALE", "education": 3, "birth_year": 1959, "dialect_area": "WESTERN"}, "1518": {"sex": "FEMALE", "education": 2, "birth_year": 1961, "dialect_area": "SOUTH MIDLAND"}, "1472": {"sex": "MALE", "education": 2, "birth_year": 1950, "dialect_area": "SOUTHERN"}, "1576": {"sex": "MALE", "education": 2, "birth_year": 1969, "dialect_area": "NORTH MIDLAND"}, "1583": {"sex": "FEMALE", "education": 3, "birth_year": 1963, "dialect_area": "NORTHERN"}, "1574": {"sex": "MALE", "education": 1, "birth_year": 1962, "dialect_area": "NORTH MIDLAND"}, "1646": {"sex": "FEMALE", "education": 2, "birth_year": 1967, "dialect_area": "SOUTH MIDLAND"}, "1653": {"sex": "FEMALE", "education": 2, "birth_year": 1968, "dialect_area": "WESTERN"}, "1528": {"sex": "MALE", "education": 3, "birth_year": 1940, "dialect_area": "WESTERN"}, "1671": {"sex": "FEMALE", "education": 2, "birth_year": 1970, "dialect_area": "NORTH MIDLAND"}, "1654": {"sex": "MALE", "education": 3, "birth_year": 1959, "dialect_area": "WESTERN"}, "1680": {"sex": "FEMALE", "education": 3, "birth_year": 1950, "dialect_area": "NYC"}, "1571": {"sex": "MALE", "education": 2, "birth_year": 1967, "dialect_area": "SOUTH MIDLAND"}, "1676": {"sex": "MALE", "education": 2, "birth_year": 1964, "dialect_area": "NORTHERN"}}